<Rules>
  <Rule Name="Rule #1" Category="Type">
    <Condition>
      <And>
        <NativeName Operator="Equal" Value="TargetType" />
      </And>
    </Condition>
    <Action Name="ChangeManagedName">
      <Parameter Key="NewName" Value="NewType" />
    </Action>
  </Rule>
  <Rule Name="Rule #2" Category="Type">
    <Condition>
      <And>
        <NativeName Operator="Equal" Value="TargetType" />
      </And>
    </Condition>
    <Action Name="ResolveTo">
      <Parameter Key="AssemblyName" Value="mscorlib" />
      <Parameter Key="ManagedTypeFullName" Value="System.String" />
    </Action>
  </Rule>
  <Rule Name="Rule #3" Category="Type">
    <Condition>
      <And>
        <NativeName Operator="Equal" Value="TargetType" />
      </And>
    </Condition>
    <Action Name="AddAttribute">
      <Parameter Key="AssemblyName" Value="mscorlib" />
      <Parameter Key="TypeName" Value="System.CLSCompliantAttribute" />
      <Parameter Key="Constructor" Value="Void .ctor(Boolean)" />
      <Parameter Key="Data" Value="01 00 00 00 00" />
    </Action>
  </Rule>
</Rules>