<Rules>
  <Rule Name="Rule #1" Category="Signature">
    <Condition>
      <And>
        <NativeParameterIndex Operator="Equal" Value="2" />
      </And>
    </Condition>
    <Action Name="ConvertTo">
      <Parameter Key="Direction" Value="[In, Out]" />
      <Parameter Key="ByRef" Value="False" />
      <Parameter Key="ManagedType" Value="Decimal" />
      <Parameter Key="MarshalAs" Value="Currency" />
      <Parameter Key="Attributes" Value="[]" />
    </Action>
  </Rule>
</Rules>